{"loss":0.24799748061884191,"w":1.2126016661608625,"b":0.22516769158419553,"_wandb":{"runtime":3}," Dataset ":{"sha256":"4f0dfea7efcf3ff096260352174ac322fd5c2af0056b714437e5ac8cea351b25","size":90,"artifact_path":"wandb-client-artifact://c0dlhcypqqa10fu89g03yctp5tc6ojizewwghmn7loeq4jop7ghj9mll1h9r4rnp1o170csjdqg7sqgowiuffbf4wapz2kefp1564sqiyp9sanhuiscnt6baaf5y29rp/ Dataset .table.json","_latest_artifact_path":"wandb-client-artifact://qqrg0cmvkkch3oxesimftfdduanvpztqj12y6mljpn6409kyfmviil6pxd1m3zwwxtka3yioy1631fqxa61hve5rk4f9o7csuxe9nqntbqr5ca0tpj6643j84ks00754:latest/ Dataset .table.json","path":"media/table/ Dataset _0_4f0dfea7efcf3ff09626.table.json","ncols":2,"nrows":4,"_type":"table-file"},"_timestamp":1.7409073956393535e+09,"_runtime":3.5643213,"_step":10}