{"_runtime":3.1618171,"_step":50,"loss":0.24799748061884191,"w":1.2126016661608625,"b":0.22516769158419553,"_wandb":{"runtime":3}," Dataset ":{"nrows":4,"_type":"table-file","sha256":"4f0dfea7efcf3ff096260352174ac322fd5c2af0056b714437e5ac8cea351b25","size":90,"artifact_path":"wandb-client-artifact://edt6gujgdu4xnhjc8vnafuggg1xm9fm3ix78dpsgusqz3poxz00x6tx6tfcjt5ltx3rsdhd68kunosgflbi9kuxjb4jub3nng4kzbrc4yhcg7qa6avxpl2xk7x1z5fvp/ Dataset .table.json","_latest_artifact_path":"wandb-client-artifact://ncjvrbdegwbvsssz6k5yak0adj9rhgtvjfw8m3vdd1x9y0tfyqkqeqgz06ozfa8fgi3he2p64pf7riablffpv0jac9s1lobnq5cixo79u3yzqcmv6nf3sfcz67c6l7zz:latest/ Dataset .table.json","path":"media/table/ Dataset _0_4f0dfea7efcf3ff09626.table.json","ncols":2},"_timestamp":1.740907622241056e+09}