{"loss":3.4478287069097817,"w":1.2126016661608625,"b":0.22516769158419553,"_wandb":{"runtime":3},"_runtime":3.0348812,"_step":10," Dataset ":{"size":90,"artifact_path":"wandb-client-artifact://su4v3u6pl9wg8k5jdvxyvkgcgezs7wwd97sacnpeu3eex9r0xn88w6jh1ingz7yzt4rqcot5h29j0lyb2hcaybtra06vvms1yqsxcn8hdas8zoi0kmle5g68l9ibcd0x/ Dataset .table.json","_latest_artifact_path":"wandb-client-artifact://kx6c3ce0vcwnriuyx6djgmcw6h059x4rt9ccc8u2kzak54g52l486v8pdb04h9d2ifkt0zwv5a6mfbfbqi6bzbwckekri8mpwfj144k25m76a076wkd2udmndfzjl3p1:latest/ Dataset .table.json","path":"media/table/ Dataset _0_4f0dfea7efcf3ff09626.table.json","ncols":2,"nrows":4,"_type":"table-file","sha256":"4f0dfea7efcf3ff096260352174ac322fd5c2af0056b714437e5ac8cea351b25"},"_timestamp":1.740907288572964e+09}